{
  "version": "v4.17_clean",
  "seeds": [
    42,
    43,
    44,
    45,
    46
  ],
  "config": {
    "d": 4,
    "k": 4,
    "beta": 1.0,
    "alpha": 1.0,
    "gamma_A": 0.8,
    "gamma_B": 0.5,
    "gamma_C": 0.8,
    "sigma_eps": 0.25,
    "N_pool": 1000,
    "E": 25,
    "N_test": 2000,
    "eval_every": 100,
    "eta": 0.1,
    "eta_cryst": 0.005,
    "mu_base": 0.06,
    "mu_cryst": 0.001,
    "v_max": 0.5,
    "cryst_n_min": 15,
    "activation_thresh": 0.18,
    "creation_thresh": 0.3,
    "convergence_threshold": 0.075,
    "capacity": 2000,
    "alpha_shrink": 1.0,
    "sigma_floor": 0.15,
    "min_samples_shrink": 50,
    "k_0": 5.0,
    "k_min": 1.0,
    "eta_k": 0.05,
    "w_max": 5.0,
    "w_dvar_threshold": 0.045,
    "n_cross_min": 8,
    "reversal_threshold": -0.125,
    "mlp_lr": 0.01,
    "action_sep_target": 3.5,
    "action_sep_margin": 4.0,
    "action_sep_max_iter": 5
  },
  "kappa": {
    "d_eff": 3.978532672690572,
    "sigma": 0.8932880702270423,
    "kappa": 0.4478474127412381,
    "eigenvalues": [
      1.0381532306647094,
      1.0210591766405448,
      0.956215064420214,
      0.8568633200994328,
      2.279808016088724e-28,
      0.0,
      0.0,
      0.0
    ]
  },
  "sigma_eval_sweep": {
    "0.7": {
      "Acc_A_mean": 0.5992,
      "Acc_A_std": 0.04308781730373448,
      "BT_A_mean": -0.31920000000000004,
      "BT_A_std": 0.04321643206003937,
      "Acc_C_mean": 0.7625,
      "Acc_C_std": 0.012895735729302138
    },
    "0.8": {
      "Acc_A_mean": 0.648,
      "Acc_A_std": 0.047540509042289424,
      "BT_A_mean": -0.2704000000000001,
      "BT_A_std": 0.047621843727432486,
      "Acc_C_mean": 0.8347999999999999,
      "Acc_C_std": 0.009025519375637055
    },
    "0.9": {
      "Acc_A_mean": 0.6741,
      "Acc_A_std": 0.05447696761017446,
      "BT_A_mean": -0.24430000000000002,
      "BT_A_std": 0.05519655786369288,
      "Acc_C_mean": 0.8825999999999998,
      "Acc_C_std": 0.00813879597975033
    },
    "1.0": {
      "Acc_A_mean": 0.6837,
      "Acc_A_std": 0.051593216608387574,
      "BT_A_mean": -0.23470000000000005,
      "BT_A_std": 0.05240381665489641,
      "Acc_C_mean": 0.9128999999999999,
      "Acc_C_std": 0.008351047838445196
    },
    "1.1": {
      "Acc_A_mean": 0.6899000000000001,
      "Acc_A_std": 0.04778849233863734,
      "BT_A_mean": -0.2285,
      "BT_A_std": 0.04897448315194351,
      "Acc_C_mean": 0.9313,
      "Acc_C_std": 0.005818934610390458
    },
    "1.2": {
      "Acc_A_mean": 0.6852,
      "Acc_A_std": 0.05021911986484829,
      "BT_A_mean": -0.23320000000000002,
      "BT_A_std": 0.05157286108022318,
      "Acc_C_mean": 0.9385999999999999,
      "Acc_C_std": 0.006296030495478882
    },
    "1.3": {
      "Acc_A_mean": 0.6771,
      "Acc_A_std": 0.04483346964043713,
      "BT_A_mean": -0.24130000000000001,
      "BT_A_std": 0.04628023336155509,
      "Acc_C_mean": 0.9387000000000001,
      "Acc_C_std": 0.007270488291717413
    },
    "1.5": {
      "Acc_A_mean": 0.6538,
      "Acc_A_std": 0.04309941994969305,
      "BT_A_mean": -0.2646,
      "BT_A_std": 0.043331743560581525,
      "Acc_C_mean": 0.933,
      "Acc_C_std": 0.004774934554525322
    }
  },
  "sigma_eval_peak": 1.1,
  "multi_seed_summary": {
    "ibf": {
      "accA_mean": 0.6843999999999999,
      "accA_std": 0.05130341119262928,
      "btA_mean": -0.23400000000000004,
      "btA_std": 0.05211621628629613,
      "accC_mean": 0.9132,
      "accC_std": 0.008041144197189844
    },
    "mlp": {
      "accA": 0.4415,
      "btA": -0.5225,
      "accC": 0.4895,
      "note": "seed 42 only"
    },
    "replay_mlp": {
      "accA": 0.536,
      "btA": -0.4105,
      "accC": 0.8155,
      "note": "seed 42 only"
    },
    "passive": {
      "accA": 0.2395,
      "btA": 0.0,
      "accC": 0.246,
      "note": "seed 42 only"
    }
  },
  "ablations": {
    "no_agency": {
      "accA_mean": 0.7214,
      "accA_std": 0.046657689612753024,
      "btA_mean": -0.19750000000000004,
      "btA_std": 0.05177257961508198,
      "accC_mean": 0.9183,
      "accC_std": 0.0062177166226839355
    },
    "no_crucible": {
      "accA_mean": 0.9114000000000001,
      "accA_std": 0.006651315659326369,
      "btA_mean": -0.004500000000000015,
      "btA_std": 0.0029154759474226146,
      "accC_mean": 0.9209999999999999,
      "accC_std": 0.0027568097504180344
    },
    "no_cryst": {
      "accA_mean": 0.7672999999999999,
      "accA_std": 0.10287108437262633,
      "btA_mean": -0.15189999999999998,
      "btA_std": 0.1080497107816583,
      "accC_mean": 0.9203000000000001,
      "accC_std": 0.007896834808959844
    }
  },
  "selectivity": {
    "inv_mr_mean": 0.14884090538502304,
    "ctx_mr_mean": 0.163803136061398
  }
}