{
  "meta": {
    "cell": "24D",
    "name": "End-to-end actual LoRA durability test \u2014 control-fixed",
    "section": "Durability of Local Enforcement Under State and Base-Model Change",
    "role_in_final_notebook": "promote_to_main_Cell_24_if_clean",
    "narrow_question": "Does a fixed post-\u03c3 IBF correction field remain effective after the actual base model is modified by LoRA, with no IBF retraining, while genuinely unrelated ordinary controls remain stable?",
    "interpretation": "This control-fixed end-to-end test modifies the actual base model with a light LoRA adapter, recomputes R_base on the same target and off-manifold filtered-control items, and evaluates the same frozen post-\u03c3 \u03b4R field without any IBF updates. A clean result supports substrate decoupling: LoRA changes R_base, while the orthogonal \u03b4R field remains fixed and continues to enforce local corrections without damaging genuinely unrelated ordinary controls.",
    "control_design": "Off-manifold unrelated ordinary corporate questions, double-filtered by real R_base and R_base+\u03b4R before LoRA."
  },
  "config": {
    "model_id": "mistralai/Mistral-7B-v0.1",
    "load_4bit": false,
    "control_pool_n": 1600,
    "control_target_n": 200,
    "chosen_threshold": {
      "base_margin_threshold": 1.0,
      "combined_margin_threshold": 1.0
    },
    "lora_rank": 8,
    "lora_alpha": 16,
    "lora_dropout": 0.0,
    "lora_lr": 0.0002,
    "lora_steps": 24,
    "lora_batch": 2,
    "target_modules": [
      "q_proj",
      "v_proj"
    ],
    "trainable_params": 3407872,
    "total_params": 7245139968,
    "loss_history": [
      3.936540365219116,
      4.00225305557251,
      3.4648683071136475,
      3.330380916595459,
      3.3067164421081543,
      2.772784471511841,
      2.4412753582000732,
      2.639535903930664,
      2.0926947593688965,
      2.074922561645508,
      1.680743932723999,
      1.8828213214874268,
      2.0173451900482178,
      1.6909087896347046,
      1.5054353475570679,
      1.8106472492218018,
      2.4831724166870117,
      1.5051708221435547,
      1.0134618282318115,
      1.3520193099975586,
      1.5755610466003418,
      1.1590977907180786,
      0.9966939091682434,
      0.9727531671524048
    ]
  },
  "dataset": {
    "target_items": 150000,
    "control_candidates": 1600,
    "selected_filtered_controls": 200,
    "mean_base_margin_before_lora": 2.2196874618530273,
    "mean_combined_margin_before_lora": 2.2196874618530273,
    "min_base_margin_before_lora": 1.062499761581421,
    "min_combined_margin_before_lora": 1.062499761581421
  },
  "before_lora": {
    "target_base_only": {
      "all": {
        "target_acc": 0.22083333333333333,
        "base_rate": 0.2708333333333333,
        "fi_rate": 0.22083333333333333,
        "other_rate": 0.5083333333333333,
        "mean_target_minus_base_margin": -0.39322912444670993,
        "min_target_minus_base_margin": -1.8125,
        "n": 240
      },
      "weak": {
        "target_acc": 0.2833333333333333,
        "base_rate": 0.275,
        "fi_rate": 0.2833333333333333,
        "other_rate": 0.44166666666666665,
        "mean_target_minus_base_margin": -0.3651041289170583,
        "min_target_minus_base_margin": -1.75,
        "n": 120
      },
      "strong": {
        "target_acc": 0.15833333333333333,
        "base_rate": 0.26666666666666666,
        "fi_rate": 0.15833333333333333,
        "other_rate": 0.575,
        "mean_target_minus_base_margin": -0.4213541199763616,
        "min_target_minus_base_margin": -1.8125,
        "n": 120
      }
    },
    "target_with_ibf": {
      "all": {
        "target_acc": 0.225,
        "base_rate": 0.26666666666666666,
        "fi_rate": 0.225,
        "other_rate": 0.5083333333333333,
        "mean_target_minus_base_margin": -0.3932291696468989,
        "min_target_minus_base_margin": -1.8125,
        "mean_fi_minus_base_margin": -0.03958331942558289,
        "mean_dR_target": -1.3511646851869454e-08,
        "mean_dR_base": -2.5892208622609147e-08,
        "mean_base_logprob_target": -1.4848110191524029,
        "mean_base_logprob_base": -1.4452276897927125,
        "n": 240
      },
      "weak": {
        "target_acc": 0.2916666666666667,
        "base_rate": 0.26666666666666666,
        "fi_rate": 0.2916666666666667,
        "other_rate": 0.44166666666666665,
        "mean_target_minus_base_margin": -0.3651042953133583,
        "min_target_minus_base_margin": -1.75,
        "mean_fi_minus_base_margin": -0.04739579161008199,
        "mean_dR_target": 1.5547432936444268e-09,
        "mean_dR_base": -4.182414954879629e-08,
        "mean_base_logprob_target": -1.4677863255143166,
        "mean_base_logprob_base": -1.42039049466451,
        "n": 120
      },
      "strong": {
        "target_acc": 0.15833333333333333,
        "base_rate": 0.26666666666666666,
        "fi_rate": 0.15833333333333333,
        "other_rate": 0.575,
        "mean_target_minus_base_margin": -0.4213540439804395,
        "min_target_minus_base_margin": -1.8125,
        "mean_fi_minus_base_margin": -0.03177084724108378,
        "mean_dR_target": -2.8578036997383335e-08,
        "mean_dR_base": -9.960267696422006e-09,
        "mean_base_logprob_target": -1.501835712790489,
        "mean_base_logprob_base": -1.470064884920915,
        "n": 120
      }
    },
    "control_base_only": {
      "all": {
        "target_acc": 1.0,
        "base_rate": 1.0,
        "fi_rate": 0.0,
        "other_rate": 0.0,
        "mean_target_minus_base_margin": 2.2196873688697814,
        "min_target_minus_base_margin": 1.062499761581421,
        "n": 200
      },
      "weak": {
        "target_acc": null,
        "base_rate": null,
        "fi_rate": null,
        "other_rate": null,
        "mean_target_minus_base_margin": null,
        "min_target_minus_base_margin": null,
        "n": 0
      },
      "strong": {
        "target_acc": null,
        "base_rate": null,
        "fi_rate": null,
        "other_rate": null,
        "mean_target_minus_base_margin": null,
        "min_target_minus_base_margin": null,
        "n": 0
      }
    },
    "control_with_ibf": {
      "all": {
        "target_acc": 1.0,
        "base_rate": 1.0,
        "fi_rate": 0.0,
        "other_rate": 0.0,
        "mean_target_minus_base_margin": 2.21968740940094,
        "min_target_minus_base_margin": 1.062499761581421,
        "mean_fi_minus_base_margin": -2.615624760389328,
        "mean_dR_target": 7.045636884191013e-09,
        "mean_dR_base": 7.045636884191013e-09,
        "mean_base_logprob_target": -0.2217273757327348,
        "mean_base_logprob_base": -0.2217273757327348,
        "n": 200
      },
      "weak": {
        "target_acc": null,
        "base_rate": null,
        "fi_rate": null,
        "other_rate": null,
        "mean_target_minus_base_margin": null,
        "min_target_minus_base_margin": null,
        "mean_fi_minus_base_margin": null,
        "mean_dR_target": null,
        "mean_dR_base": null,
        "mean_base_logprob_target": null,
        "mean_base_logprob_base": null,
        "n": 0
      },
      "strong": {
        "target_acc": null,
        "base_rate": null,
        "fi_rate": null,
        "other_rate": null,
        "mean_target_minus_base_margin": null,
        "min_target_minus_base_margin": null,
        "mean_fi_minus_base_margin": null,
        "mean_dR_target": null,
        "mean_dR_base": null,
        "mean_base_logprob_target": null,
        "mean_base_logprob_base": null,
        "n": 0
      }
    }
  },
  "after_lora": {
    "target_base_only": {
      "all": {
        "target_acc": 0.22916666666666666,
        "base_rate": 0.30416666666666664,
        "fi_rate": 0.22916666666666666,
        "other_rate": 0.4666666666666667,
        "mean_target_minus_base_margin": -0.3627603717148304,
        "min_target_minus_base_margin": -2.124999761581421,
        "n": 240
      },
      "weak": {
        "target_acc": 0.25,