{
  "schema_version": "cell6_geometry_operating_sigma.v6",
  "status": "9B/9C-aligned final geometry cell",
  "conceptual_policy": {
    "runtime_sigma": "SIGMA_PROP is the selected operating sigma",
    "pairwise_bound": "diagnostic upper bound only; not a runtime sigma",
    "field_bound": "aggregate field-pressure upper bound",
    "formula": "sigma_operating = min(sigma_pairwise_bound, sigma_field_bound)",
    "epsilon_global_source": "CELL6_EPS_GLOBAL_OVERRIDE or locked default 5e-4"
  },
  "representation": {
    "hidden_dim": 768,
    "z_dim": 64,
    "subject_dim": 8,
    "answer_dim": 8,
    "z_dim_aug": 80,
    "variance_explained": 0.8320716023445129,
    "d_eff_pca": 19.590728759765625,
    "d_eff_aug": 32.84418487548828,
    "sqrt_d_eff": 5.730984634030027
  },
  "distances": {
    "d_pair": 42.10902786254883,
    "d_shell": 42.10902786254883,
    "p10_prop": 50.936256408691406,
    "p50_prop": 60.224300384521484,
    "p10_question": 22.896398544311523,
    "sibling_distance_stats": {
      "min": 29.90478515625,
      "p10": 34.49830703735352,
      "median": 42.10902786254883,
      "p90": 53.10199279785158,
      "mean": 42.76158245722453,
      "max": 63.81608200073242
    },
    "random_prop_distance_stats": {
      "min": 0.0,
      "p10": 50.93625717163086,
      "median": 60.224300384521484,
      "p90": 69.52118682861328,
      "mean": 59.91933573202309,
      "max": 84.69937896728516
    },
    "question_distance_stats": {
      "min": 5.018375396728516,
      "p10": 22.89639892578125,
      "median": 27.615737915039062,
      "p90": 31.088066864013673,
      "mean": 27.075556237789147,
      "max": 36.35911560058594
    }
  },
  "bounds": {
    "pairwise": {
      "sigma_bound": 11.32900440823568,
      "kappa_bound": 1.9767989502127012,
      "epsilon_pair": 0.001,
      "K_at_d_pair": 0.001000000000000001
    },
    "aggregate_field": {
      "sigma_bound": 7.262067926124915,
      "kappa_bound": 1.2671588548682307,
      "epsilon_global": 0.0005,
      "n_eff": 10000,
      "K_at_d_shell": 5.000000000000005e-08,
      "density_bound": 0.0005000000000000006
    }
  },
  "operating_geometry": {
    "sigma": 7.262067926124915,
    "sigma_agency": 4.8361292246445,
    "merge_threshold": 10.893101889187372,
    "kappa": 1.2671588548682307,
    "source": "constraint formula",
    "active_constraint": "aggregate field",
    "multiplier_vs_pairwise_bound": 0.6410155442119624,
    "epsilon_global": 0.0005,
    "n_eff": 10000,
    "K_d_pair": 5.000000000000005e-08,
    "K_d_shell": 5.000000000000005e-08,
    "N_eff_K_d_shell": 0.0005000000000000006,
    "K_p10_prop": 2.0755576674225586e-11
  },
  "semantic_rows": {
    "A_Onboarding": {
      "within_correct_wrong_mean": 42.76158245722453,
      "within_correct_wrong_stats": {
        "min": 29.90478515625,
        "p10": 34.49830703735352,
        "median": 42.10902786254883,
        "p90": 53.10199279785158,
        "mean": 42.76158245722453,
        "max": 63.81608200073242
      },
      "cross_correct_correct_mean": 5.923947031892951,
      "cross_correct_correct_stats": {
        "min": 0.0,
        "p10": 0.0,
        "median": 0.0,
        "p90": 2.482836862327531e-05,
        "mean": 5.923947031892951,
        "max": 79.07899475097656
      }
    },
    "B_Initiative": {
      "within_correct_wrong_mean": 40.45208735783895,
      "within_correct_wrong_stats": {
        "min": 25.961584091186523,
        "p10": 31.633216857910156,
        "median": 39.50278282165527,
        "p90": 49.859014892578124,
        "mean": 40.45208735783895,
        "max": 61.92605972290039
      },
      "cross_correct_correct_mean": 5.58870168504978,
      "cross_correct_correct_stats": {
        "min": 0.0,
        "p10": 0.0,
        "median": 0.0,
        "p90": 2.2234184871194885e-05,
        "mean": 5.58870168504978,
        "max": 67.08918762207031
      }
    },
    "C_Reorg": {
      "within_correct_wrong_mean": 39.05501617113749,
      "within_correct_wrong_stats": {
        "min": 21.607370376586914,
        "p10": 30.531697463989257,
        "median": 38.9851016998291,
        "p90": 46.98648376464844,
        "mean": 39.05501617113749,
        "max": 52.23545837402344
      },
      "cross_correct_correct_mean": 5.424717592152231,
      "cross_correct_correct_stats": {
        "min": 0.0,
        "p10": 0.0,
        "median": 0.0,
        "p90": 1.98886791622499e-05,
        "mean": 5.424717592152231,
        "max": 66.56997680664062
      }
    },
    "D_Turnover": {
      "within_correct_wrong_mean": 41.23077888806661,
      "within_correct_wrong_stats": {
        "min": 27.904071807861328,
        "p10": 32.91000556945801,
        "median": 40.64948081970215,
        "p90": 50.66653938293459,
        "mean": 41.23077888806661,
        "max": 56.517601013183594
      },
      "cross_correct_correct_mean": 5.809363009911885,
      "cross_correct_correct_stats": {
        "min": 0.0,
        "p10": 0.0,
        "median": 0.0,
        "p90": 3.099389869021252e-05,
        "mean": 5.809363009911885,
        "max": 76.26815032958984
      }
    }
  },
  "paraphrase_rows": {
    "A_Onboarding": {
      "mean": 9.808555969357258e-06,
      "median": 1.26132222248998e-05,
      "stats": {
        "min": 0.0,
        "p10": 0.0,
        "median": 1.26132222248998e-05,
        "p90": 1.840774275478907e-05,
        "mean": 9.808555969357258e-06,
        "max": 3.0089326173765585e-05
      }
    },
    "B_Initiative": {
      "mean": 9.64349500463868e-06,
      "median": 1.3312348528415896e-05,
      "stats": {
        "min": 0.0,
        "p10": 0.0,
        "median": 1.3312348528415896e-05,
        "p90": 1.8581526455818674e-05,
        "mean": 9.64349500463868e-06,
        "max": 2.555467108322773e-05
      }
    },
    "C_Reorg": {
      "mean": 9.359099100644623e-06,
      "median": 1.2778210930264322e-05,
      "stats": {
        "min": 0.0,
        "p10": 0.0,
        "median": 1.2778210930264322e-05,
        "p90": 1.8010410894930828e-05,
        "mean": 9.359099100644623e-06,
        "max": 2.635383134474978e-05
      }
    },
    "D_Turnover": {
      "mean": 1.1284364680048182e-05,
      "median": 1.4281114999903366e-05,
      "stats": {
        "min": 0.0,
        "p10": 0.0,
        "median": 1.4281114999903366e-05,
        "p90": 1.8839196854969487e-05,
        "mean": 1.1284364680048182e-05,
        "max": 2.6651076041162014e-05
      }
    }
  },
  "kernel_reach_rows": {
    "A_Onboarding": {
      "dist": 9.808555969357258e-06,
      "dist_over_sigma": 1.3506560485438981e-06,
      "kernel": 0.9999999999990878,
      "within_2sigma": "✓"
    },
    "B_Initiative": {
      "dist": 9.64349500463868e-06,
      "dist_over_sigma": 1.327926852618206e-06,
      "kernel": 0.9999999999991183,
      "within_2sigma": "✓"
    },
    "C_Reorg": {
      "dist": 9.359099100644623e-06,
      "dist_over_sigma": 1.2887650178781374e-06,
      "kernel": 0.9999999999991696,
      "within_2sigma": "✓"
    },
    "D_Turnover": {
      "dist": 1.1284364680048182e-05,
      "dist_over_sigma": 1.5538775999950734e-06,
      "kernel": 0.9999999999987927,
      "within_2sigma": "✓"
    }
  },
  "candidate_rows": [
    {
      "kind": "sigma_multiplier",
      "label": "0.500x_pair_bound",
      "multiplier": 0.5,
      "epsilon_global": null,
      "sigma": 5.66450220411784,
      "kappa": 0.9883994751063506,
      "merge": 8.49675330617676,
      "single_pair_bleed": 1.0000000000000044e-12,
      "single_shell_bleed": 1.0000000000000044e-12,
      "density_tail_bound": 1.0000000000000045e-08,
      "tail_mean_sample": 9.000049591064453,
      "tail_p95_sample": 9.000041961669922,
      "positive_kernel": 0.9999999999973523,
      "safe_density": true,
      "formula_selected": false
    },
    {
      "kind": "sigma_multiplier",
      "label": "0.625x_pair_bound",
      "multiplier": 0.625,
      "epsilon_global": null,
      "sigma": 7.080627755147299,
      "kappa": 1.2354993438829383,